{
    "train_loss": [
        0.23953967218424058,
        0.22063317742103186,
        0.1193076799730043,
        0.0850785457136192,
        0.0759616739144831,
        0.06332406153715713,
        0.05435660561342617,
        0.04982357514297073,
        0.044934436791774,
        0.04384997576075695,
        0.039677635406193894,
        0.03814632568881784,
        0.03775460159054378,
        0.038193798428596736,
        0.03659202430900924,
        0.034563284410741225
    ],
    "val_loss": [
        0.17645194438787606,
        0.1628591177555231,
        0.08817876646151909,
        0.06523412924546462,
        0.058792499682077996,
        0.04337406817537088,
        0.037089601588936955,
        0.05084765387269167,
        0.041809428769808546,
        0.03339815261558844,
        0.035443782519835695,
        0.04411094779005417,
        0.04018635159501663,
        0.04858676874293731,
        0.02566431935590047,
        0.02848807665017935
    ],
    "train_acc": [
        0.9553519262300505,
        0.9530832773044114,
        0.9697130799015641,
        0.9744236474826341,
        0.9733262984624832,
        0.976945172378789,
        0.9788801464445386,
        0.9800009116148337,
        0.9817980564001835,
        0.9817307478898055,
        0.9833219256990161,
        0.9835366669234696,
        0.9847436540332429,
        0.9836514468515392,
        0.9843941190581778,
        0.9849004589872205
    ],
    "val_acc": [
        0.9510240921607385,
        0.958453105046199,
        0.9761787561269907,
        0.9745260385366586,
        0.981244160578801,
        0.9817769344036396,
        0.9825345552884616,
        0.9668201666611892,
        0.9763360023498535,
        0.9822107461782602,
        0.9828650034390963,
        0.9722746702340933,
        0.9899230003356934,
        0.9687203627366286,
        0.9876985916724572,
        0.9870843887329102
    ]
}